{"cameraMode":{"drawMode":0,"name":"Shaded","section":"Shading Mode"},"sceneLighting":false,"audioPlay":false,"sceneViewState":{"showFog":true,"showMaterialUpdate":false,"showSkybox":true,"showFlares":true,"showImageEffects":true,"showParticleSystems":true,"showVisualEffectGraphs":true,"m_FxEnabled":true},"in2DMode":false,"pivot":{"x":0.36000001430511477,"y":5.960464477539063e-8,"z":0.008999999612569809},"rotation":{"x":0.12119659781455994,"y":0.35540771484375,"z":0.04653413966298103,"w":-0.9256532788276672},"size":0.8592440485954285,"orthographic":false}