{"cameraMode":{"drawMode":0,"name":"Shaded","section":"Shading Mode"},"sceneLighting":false,"audioPlay":false,"sceneViewState":{"showFog":true,"showMaterialUpdate":false,"showSkybox":false,"showFlares":true,"showImageEffects":true,"showParticleSystems":true,"showVisualEffectGraphs":true,"m_FxEnabled":true},"in2DMode":false,"pivot":{"x":0.0008750110864639282,"y":0.008127648383378983,"z":-0.0009047761559486389},"rotation":{"x":0.25655022263526919,"y":-0.15143993496894837,"z":0.040789589285850528,"w":0.9536218047142029},"size":0.13501575589179994,"orthographic":false}